artist,website,facebook,instagram,twitter,spotify,youtube,tiktok,image
ACID BATH,,https://www.facebook.com/AcidBath,,,,,,https://static.wixstatic.com/media/60af62_0ef61f4d798e4fa795698480918b6203~mv2.png
ALAIN WHYTE,https://www.alainwhytemusic.com/,,,,,,,https://static.wixstatic.com/media/a64678_3c26d712fddb468397aefd605a9f5aca~mv2.png
ALTAMEDA,https://www.altameda.net/,https://www.facebook.com/Altameda/,https://www.instagram.com/altameda/,,https://open.spotify.com/artist/01KXhlX2PCz5Uiw7d5eryb?si=mPQ8McilR7iqUpmg0MQSqA&n,https://youtu.be/UlSmEwePIFs,,https://static.wixstatic.com/media/60af62_6adec6b196144e23b0960b52d6797be7~mv2.png
THE AGGROLITES,http://www.aggroreggae.com/,,https://www.instagram.com/theaggrolites,,,,,https://static.wixstatic.com/media/60af62_41d2c76a1588403e9e4bb0f1508e3dac~mv2.png
Test Name,https://www.andrewduhon.com/,,,,,,,https://static.wixstatic.com/media/a64678_ce4b7f3e9bc1402eafea05ace67acaed~mv2.jpg
ANDY FALCO,https://andyfalco.com/,https://www.facebook.com/AndyFalcoMusic/,https://www.instagram.com/andyfalco/,,,https://youtu.be/DvSDG3K-YPc?feature=shared,,https://static.wixstatic.com/media/60af62_2992f2e0088b4caf9c5cf8778bde26f9~mv2.png
ARIEL PINK,,,https://www.instagram.com/arielxpink/,,https://open.spotify.com/artist/5H0YoDsPDi9fObFmJtTjfN?si=oAn5Ynp4Qc2i5l_TCK860g,,,https://static.wixstatic.com/media/60af62_e15b347187b04e3cb5e8b4a329682d7c~mv2.png
ATTILA,https://attilamerch.com/,https://www.facebook.com/AttilaGA/,https://www.instagram.com/attila_ga,https://twitter.com/attilaga,https://open.spotify.com/artist/4Uv5bceTJ2h3tLlssUNDNP,,,https://static.wixstatic.com/media/60af62_db6e31028ede435ca38f19dfddd40810~mv2.png
AZEALIA BANKS,,https://www.facebook.com/azealiabanksmusic/,https://www.instagram.com/azealiabanksforever/,,,,,https://static.wixstatic.com/media/60af62_00e5ede719e643339f53ae3247497c0a~mv2.png
BAD RABBITS,https://www.badrabbits.com/,https://www.facebook.com/BadRabbits/,https://www.instagram.com/badrabbits/,https://twitter.com/badrabbits/,https://open.spotify.com/artist/534rgZ76LDMlM7xLt9xSGR,,,"https://static.wixstatic.com/media/9975c6_5c308cb109e040e387e1998dcc4d0d04~mv2.jpg/v1/fill/w_320,h_180/badRabbits.jpg"
BLUPHORIA,,https://www.facebook.com/BluphoriaOffical/,https://www.instagram.com/bluphoriaband/,https://twitter.com/bluphoria2,https://open.spotify.com/artist/4EKYxQNH3rhR64i0mRTtus?si=tDxnjjS3SDiq0gVsBnvzuQ,,https://www.tiktok.com/@bluphoriaband,https://static.wixstatic.com/media/60af62_f064abd840874be486d642950dd8787a~mv2.png
BODYBOX,,,https://www.instagram.com/bodyboxfldm/,,https://open.spotify.com/artist/0umvpzkCMoxVBy0IoNpN4Q,,,https://static.wixstatic.com/media/60af62_393c92eead0542dc9a97019da4a67506~mv2.png
BORN OF OSIRIS,http://bornofosiris.com/,https://www.facebook.com/bornofosiris,https://www.instagram.com/boocrue,https://twitter.com/BOOOfficial,,,,https://static.wixstatic.com/media/a64678_7dfb87a18366495fb888802bc605dc17~mv2.jpg
BRUJERIA,https://www.brujeria.com/,,http://instagram.com/brujeria_oficial,,,,,https://static.wixstatic.com/media/60af62_fd97d2d65cbf4459abdd697b2d0d2966~mv2.png
THE BUTTERTONES,https://thebuttertones.com/,https://www.facebook.com/Thebuttertonesband/,https://www.instagram.com/thebuttertones/?hl=en,,https://open.spotify.com/artist/1CMml5seBEaxQzlmaGxMPx?si=wi7701Q8RkGxgFLDQUmvXw,,,https://static.wixstatic.com/media/60af62_df615fbf91344e068ca2eea3110a6f5a~mv2.png
BUTTHOLE SURFERS,http://www.buttholesurfers.com/,https://www.facebook.com/ButtholeSurfersMusic/,https://www.instagram.com/buttholesurfers/,https://twitter.com/buttholesurfers,,,,https://static.wixstatic.com/media/9975c6_f195567da95d4d91b2a4a2c0ea15f6b3~mv2.jpg
CARNIFEX,http://www.carnifexmetal.com/,https://www.facebook.com/CarnifexMetal/,https://www.instagram.com/carnifex,https://twitter.com/carnifex,,,,https://static.wixstatic.com/media/a64678_b8dd48f62a974db5a6df82d2a2c6bbe8~mv2.jpg
CAVE-IN,,https://www.facebook.com/CaveIn.Official/,https://www.instagram.com/sonicdeathwall,https://twitter.com/sonicdeathwall,,,,https://static.wixstatic.com/media/9975c6_591ee2659b86410590678b77abf8055e~mv2.jpg
CAVELERA CONSPIRACY,,https://www.facebook.com/cavaleraconspiracy,https://www.instagram.com/cavaleraconspiracy/,,,,,https://static.wixstatic.com/media/a64678_a3642786cabc4605be548e438edf316a~mv2.jpg
CHAOS AND CARNAGE TOUR,,https://www.facebook.com/ChaosAndCarnageTour/,,,,,,https://static.wixstatic.com/media/a64678_ba905fb345a449febb16b0fdf28c8140~mv2.jpg
CHARLES ANS,,,https://www.instagram.com/charlesans/,,https://open.spotify.com/artist/5lYeiQxUTcGKVgAuTqbTeL?si=N02VtsTnT1a-Ji75zUMxAg,,,https://static.wixstatic.com/media/60af62_e0302e4255754086b77312fd5395b2f3~mv2.png
CHEZ,https://linktr.ee/chezwxrld,,https://www.instagram.com/chezwxrld/,,,,,https://static.wixstatic.com/media/60af62_30243e8c72d74235b6c78b75dc533170~mv2.png
CHRI$TIAN GATE$,,https://www.facebook.com/profile.php?id=100064776968425,https://www.instagram.com/itsluxcity/,https://twitter.com/itsluxcity,,https://www.youtube.com/@ChristianGates,,https://static.wixstatic.com/media/60af62_255f330b641447768037df5b5f847ad0~mv2.png
"CHUNK! NO, CAPTAIN CHUNK!",https://chunknocaptainchunk.com/,https://www.facebook.com/cnccband/,https://www.instagram.com/chunknocaptainchunk/,https://twitter.com/chunknocaptainc,,,,https://static.wixstatic.com/media/a64678_f29bf5d80b844788857b1e8f2459c968~mv2.png
COMMON SAGE,,http://facebook.com/commonsageband,http://instagram.com/commonsage_,http://twitter.com/commonsage_,,,http://tiktok.com/@commonsage_,https://static.wixstatic.com/media/60af62_ef6a1bc14d944c53912433e0164b3334~mv2.png
CONVERGE,https://www.convergecult.com/,https://www.facebook.com/converge/,https://www.instagram.com/converge,https://twitter.com/Convergecult,,,,https://static.wixstatic.com/media/9975c6_4054945b6e834d549521374d016f98e4~mv2.jpg
CORNELIUS,https://store.wmg.jp/collections/cornelius,,https://www.instagram.com/corneliusofficial/,,,,,https://static.wixstatic.com/media/60af62_d071d9b2a98d426b883cce6c699f2181~mv2.png
CREED BRATTON,https://creedbratton.com/,https://www.facebook.com/creedbrattonmusic,https://www.instagram.com/creedbratton/,https://twitter.com/crowbarmusic,,,,https://static.wixstatic.com/media/a64678_598b9c47a152465ab4d6311298031d18~mv2.jpg
CROWBAR,http://www.crowbarnola.com/,https://www.facebook.com/crowbarmusic,https://www.instagram.com/crowbarmusic/,https://twitter.com/crowbarmusic,,,,https://static.wixstatic.com/media/a64678_8517e32a44fa43ddae5faf7852ee7545~mv2.jpg
CUMGIRL8,,https://www.facebook.com/cumgirl8/,https://www.instagram.com/cumgirl8/,,,,,https://static.wixstatic.com/media/60af62_4e36cd4001c943158e042d6d56cd04a6~mv2.png
DAN GARCIA,,,https://www.instagram.com/dangarciaoficial/,,,,,https://static.wixstatic.com/media/60af62_d9bbc98cae914829ad713ca39c607fbb~mv2.png
DANCE GAVIN DANCE,https://www.dancegavindanceband.com/,https://www.facebook.com/DanceGavinDance/,https://www.instagram.com/dancegavindance,https://twitter.com/DGDtheband,,,,https://static.wixstatic.com/media/9975c6_9517ca0727d74aacb29b880cc1f52f15~mv2.jpg
DANIEL VILLARREAL,https://danielvillarrealmusic.com/,,https://instagram.com/brownbabyjesus?igshid=YmMyMTA2M2Y=,,,,,https://static.wixstatic.com/media/60af62_174f7ce30ff04813bf0879cfe8e645ad~mv2.png
DEAD KENNEDYS,http://www.deadkennedys.com/,https://www.facebook.com/deadkennedys,https://www.instagram.com/dead__kennedys,https://twitter.com/DeadKennedys,,,,https://static.wixstatic.com/media/9975c6_3c80b51c924c49298fae901666f92fbb~mv2.jpg
DEVO,http://www.clubdevo.com/,https://www.facebook.com/ClubDEVO/,https://www.instagram.com/clubdevo,https://twitter.com/DEVO,,,,https://static.wixstatic.com/media/60af62_737629ff8d224d5ca8520ff82a2b94c2~mv2.png
DEVORA,,,https://www.instagram.com/devoramusicxo/,,,,https://www.tiktok.com/@devoramusicxo,https://static.wixstatic.com/media/60af62_a79be30bab3443449e893d935704751c~mv2.png
DHARIUS,,https://www.facebook.com/Dhariuseloriginal/,,,,,,https://static.wixstatic.com/media/60af62_00e921313f564f22b84a45cd2a1580f6~mv2.png
DIVIDE AND DISSOLVE,https://www.divideanddissolve.com/,,https://www.instagram.com/divideanddissolve/,,,,,https://static.wixstatic.com/media/60af62_e4d1e6342fde46b787c30070f2c3f2b4~mv2.png
DOS SANTOS,https://www.dossantoschi.com/,https://www.facebook.com/DosSantosChi/,https://www.instagram.com/dossantoschi/?hl=en,https://twitter.com/dossantoschi,,,,https://static.wixstatic.com/media/60af62_32a421b477d542f09d02f41e4c91f1b7~mv2.png
DWELLINGS,https://linktr.ee/DwellingsBand?utm_source=linktree_profile_share&ltsid=8411fb54-ff97-4709-bced-df1f883574ff,https://www.facebook.com/dwellingsband?mibextid=LQQJ4d,https://www.instagram.com/dwellingsband?igsh=OGQ5ZDc2ODk2ZA%3D%3D&utm_source=qr,https://twitter.com/dwellingsband?lang=en,,,https://www.tiktok.com/@dwellingsband?_t=8kIR9b14G7e&_r=1,https://static.wixstatic.com/media/60af62_194fd6197e984e6fb8e334b60ce5c6dd~mv2.png
ECHOS,https://www.echosmusiconline.com/,https://www.facebook.com/echosofficial/,https://www.instagram.com/echosofficial/,https://twitter.com/EchosOfficial,,,,https://static.wixstatic.com/media/60af62_b1fa737361f745ba9c9d21cae2dd905d~mv2.png
ECHOSMITH,https://www.echosmith.com/,https://www.facebook.com/Echosmith/,https://www.instagram.com/echosmith/,https://twitter.com/echosmith,https://open.spotify.com/artist/1PbBg2aYjWLKRk84zJK15x?si=XYMKJtwvRIK6AqJ5LhcrOw,,,https://static.wixstatic.com/media/60af62_81473f8706e34e47b2a98f4259ec2bf8~mv2.png
EDGE OF PARADISE,,https://www.facebook.com/EdgeOfParadiseBand/,https://instagram.com/edgeofparadise?igshid=NTc4MTIwNjQ2YQ==,,,,,https://static.wixstatic.com/media/60af62_efc9a182dd374ea18cf53e906c2d54e9~mv2.png
EKOH,,https://www.facebook.com/ekohmusic,https://www.instagram.com/ekohmusic/,https://twitter.com/ekohmusic,,https://www.youtube.com/@Ekohmusic,,https://static.wixstatic.com/media/60af62_23218dec87684aba8718b2fd7a0c6c52~mv2.png
ESCAPE THE FATE,,https://www.facebook.com/escapethefate/,https://www.instagram.com/escapethefate,https://twitter.com/escapethefate,,,,https://static.wixstatic.com/media/60af62_6f0eacc0e9fc4873b9c942db90d8f494~mv2.png
EIDOLA,,https://www.facebook.com/eidolaUT,https://www.instagram.com/eidola/?hl=en,https://twitter.com/eidola?lang=en,,,,https://static.wixstatic.com/media/a64678_08a67426cf56486cbbb6fcdc3dfc9a4d~mv2.jpg
FAILURE,,https://www.facebook.com/failureband/,https://www.instagram.com/failurebandig,https://twitter.com/Failure,,,,https://static.wixstatic.com/media/a5560e_f2ec5555d6aa44dcaae50f2b663f6ec6~mv2.png
FAIRYTALE OF NEW YORK,https://www.cuffeandtaylor.com/all-events/fairytale-of-new-york-tickets-ae1412698,,,,,,,https://static.wixstatic.com/media/60af62_25621e0f49b44b56b15eddee793833f0~mv2.png
FIRE FROM THE GODS,,https://www.facebook.com/firefromthegods/,https://www.instagram.com/firefromthegods,https://twitter.com/firefromthegods,,,,https://static.wixstatic.com/media/9975c6_a1d11a49d5ac4208bedaa1705889c463~mv2.jpg
GANG OF FOUR,,https://www.facebook.com/gangoffour/,,,,,,https://static.wixstatic.com/media/a64678_20e536d010274c13a8cde09860d71feb~mv2.jpg
GARZI,https://www.garzimusic.com/,,https://www.instagram.com/garzi/,,,,,https://static.wixstatic.com/media/60af62_624d4756b555484e95f78713b6d3e729~mv2.png
GIDEON,http://gideonal.com/,,https://www.instagram.com/gideonal,,,,,https://static.wixstatic.com/media/60af62_b9bb85c20f5843019df164ef6b87aae9~mv2.png
GIN WIGMORE,,,https://www.instagram.com/ginwigmore/,,,,,https://static.wixstatic.com/media/a64678_b86123aa98e145148a713e4bd85a48f5~mv2.jpg
GOATWHORE,http://www.goatwhore.net/,,https://www.instagram.com/goatwhorenola/,,,,,https://static.wixstatic.com/media/60af62_2e642376af3c43b4b621c50793c180b9~mv2.png
GROUPTHINK,,,https://www.instagram.com/group.think/,,,,,https://static.wixstatic.com/media/60af62_1089c58b26cb4ff188fe0ae8a85a9480~mv2.png
GUARDIN,https://www.guardin.co/,,https://www.instagram.com/guardin/,https://twitter.com/astralagenda,,https://www.youtube.com/channel/UCpQT0eNDyaf2OU-oD-Ooddw,,https://static.wixstatic.com/media/60af62_4bed7e8bfc114a349e018d96cbec8ba6~mv2.png
HARLEY POE,,https://www.facebook.com/harleypoe/,https://www.instagram.com/joe_whiteford/,https://twitter.com/harley_poe,,,,https://static.wixstatic.com/media/a64678_522397183f2a44819bdfe320e2b13675~mv2.jpg
HAARPER,,,https://www.instagram.com/haarper7,https://www.youtube.com/c/haarper,,,,https://static.wixstatic.com/media/a64678_e11a993d512f4f7e88cae064bfe1e4ff~mv2.jpg
HEEMBEEZY,,,https://www.instagram.com/_realheembeezy/,https://twitter.com/RealHeembeezy_,,https://www.youtube.com/channel/UChHpeaA7C0b17-Fd1lWbRUA,https://www.tiktok.com/@heembeezy,https://static.wixstatic.com/media/60af62_a86c5bac6be443fca36b1628eda463b6~mv2.png
HOMELESS GOSPEL CHOIR,,https://www.facebook.com/TheHomelessGospelChoir/,https://www.instagram.com/thgchoir/,https://twitter.com/thgchoir,,,,"https://static.wixstatic.com/media/a64678_97892f717af242208aa80ee3a5848c6a~mv2.jpg/v1/fill/w_320,h_180/homelessgospelchoir.jpg"
HUMANITY'S LAST BREATH,https://humanitys-last-breath.com/en-us,https://www.facebook.com/humanityslastbreath/,https://www.instagram.com/humanityslastbreathofficial/,,,,,https://static.wixstatic.com/media/60af62_552f2c3b9d24488f9d54fc979b977445~mv2.png
IGORRR,,https://www.facebook.com/IgorrrBarrroque/,https://www.instagram.com/igorrr_music,https://twitter.com/igorrrbarrroque,,,,https://static.wixstatic.com/media/9975c6_7d52ef42c5804eba90ad5561db4ab8d6~mv2.jpg
JERIS JOHNSON,http://www.jerisjohnsonmusic.com/,https://www.facebook.com/killjerisjohnson/,http://www.instagram.com/jerisjohnson,https://twitter.com/killjerisj,,,,https://static.wixstatic.com/media/60af62_5cbfe766bcf045a0841e1d03c669bb0c~mv2.png
JORDYPURP,https://linktr.ee/JORDYPURP,https://www.facebook.com/JordyPurp/,https://www.instagram.com/jordypurp/,http://www.twitter.com/jordypurp,,,,https://static.wixstatic.com/media/60af62_0ee473f052bb4024a2acf47dfd6c694a~mv2.png
KATE CLOVER,,http://facebook.com/kateclovertv,https://www.instagram.com/kate_clover_,,,,,https://static.wixstatic.com/media/a64678_e7c198dc9911471683ad52d959439226~mv2.jpg
KING YOSEF,https://kingyosef.com/,https://www.facebook.com/p/King-Yosef-100032044312223/,https://www.instagram.com/kingyosef_/?hl=en,https://twitter.com/KingYosef_,,https://www.youtube.com/@KingYosef,,https://static.wixstatic.com/media/60af62_9e3abe6d3eb848e69aabd762fde355bf~mv2.png
KOO KOO,,https://www.facebook.com/KooKooKangaRoo/,https://www.instagram.com/kookookangaroo,https://twitter.com/KooKooKangaRoo,,,,https://static.wixstatic.com/media/9975c6_c96f9a4609ff485991b1109fd4e78e2a~mv2.jpg
LA SANTA GRIFA,,,https://www.instagram.com/la_santa_grifa_officcial/,,,https://www.youtube.com/channel/UCOHiOs8GrK0Nz8p_fbNnADQ,,https://static.wixstatic.com/media/60af62_24cab31450524c12887b1370a5474651~mv2.png
LACUNA COIL,,https://www.facebook.com/lacunacoil/,https://www.instagram.com/lacunacoilofficial,https://twitter.com/lacuna_coil,,,,https://static.wixstatic.com/media/9975c6_3035c3d06d674804a1b40dfcabfbe52f~mv2.jpg
LAID BACK COUNTRY PICKER,https://www.laidbackcountrypicker.org/,,https://www.instagram.com/laidbackcountrypicker/,,,,,https://static.wixstatic.com/media/60af62_739be60662884ea2b6e8eda51aa1babd~mv2.png
LIONS AT THE GATE,,https://www.facebook.com/lionsatthegate,https://www.instagram.com/lionsatthegate/,https://twitter.com/lionsatthegate,https://open.spotify.com/artist/2w31BeEjUAUda4Qya5wtil?si=bEpNnNcZQT2eQj6BWLLvxw,,,https://static.wixstatic.com/media/a64678_a1f33b5cdc714c3798f543a0caf225d9~mv2.jpg
LISA HELLER,,https://www.facebook.com/lisahellermusic,https://www.instagram.com/lisaheller/,https://twitter.com/lisahellermusic,,https://www.youtube.com/@LisaHeller,,https://static.wixstatic.com/media/60af62_860b5376238e45d3a84179aa37e15c11~mv2.png
LONDON ON DA TRACK,,https://www.facebook.com/LondonOnDaTrack/,https://www.instagram.com/londonondatrack,https://twitter.com/LondonOnDaTrack?ref_src=twsrc%5Egoogle%7Ctwcamp%5Eserp%7Ctwgr%5Eauthor,,,,https://static.wixstatic.com/media/60af62_636f24684fc84569852db40a742f6696~mv2.png
MAOLI,https://www.maolimusic.com/,https://www.facebook.com/maolimusic,https://www.instagram.com/maolimusic/,,,,,https://static.wixstatic.com/media/60af62_04b489a917574f0a8aa5a06a92bb3520~mv2.png
MAGIC SWORD,https://www.magicswordmusic.com/,https://www.facebook.com/magicswordmusic/,https://www.instagram.com/magicswordmusic/,https://twitter.com/magicswordmusic,,https://www.youtube.com/channel/UCYwPZB5OlQDrIlED4ZoSTJg,,https://static.wixstatic.com/media/60af62_7e30a3b825274a9dba645f81de39928e~mv2.png
MAYLENE & THE SONS OF DISASTER,,https://www.facebook.com/mayleneandthesonsofdisaster/,https://www.instagram.com/matsod/?hl=en,,,,,https://static.wixstatic.com/media/a64678_9632c2a041aa4b3ab7e2f97ade649d26~mv2.jpg
MC DAVO,,https://www.facebook.com/mcdavoo,https://www.instagram.com/mcdavoo/,https://twitter.com/mcdavoo,,,,https://static.wixstatic.com/media/a64678_1e20f57b68e243a681d071a205caba82~mv2.jpg
MELT-BANANA,http://www.melt-banana.net/,http://www.facebook.com/pages/Melt-Banana/192954987398661,,http://twitter.com/melt_banana/,,,,https://static.wixstatic.com/media/a64678_b77150b79d1e473a82a1503acad4687b~mv2.jpg
MILLINGTON,https://www.millingtontheband.com/,https://www.facebook.com/Millingtonband,https://www.instagram.com/millingtontheband/,,,https://www.youtube.com/channel/UCXISrrTLir12u25sh0fp1gA,,https://static.wixstatic.com/media/60af62_db9ac6f981144756a1bc3151badc2b9c~mv2.png
MODERN ENGLISH,https://modernenglish.me/,https://www.facebook.com/modernenglishofficial/,https://www.instagram.com/modernenglishofficial/,,,https://www.youtube.com/channel/UCEUdz5-Udyv5r1m9tNtFwSQ/featured,,https://static.wixstatic.com/media/60af62_256fdb02a3d0456491d82415ef90afe1~mv2.png
MY LIFE WITH THE THRILL KILL KULT,,https://www.facebook.com/thrillkillkult,https://www.instagram.com/moneysignsuede/?hl=en,https://twitter.com/thrillkillkult,,,,https://static.wixstatic.com/media/a64678_49b989caf58a4a5db945562e88765eac~mv2.jpg
NAPALM DEATH,,https://www.facebook.com/officialnapalmdeath/,https://www.instagram.com/theofficialnapalmdeath,https://twitter.com/officialnd,,,,https://static.wixstatic.com/media/9975c6_1aa1b25bd2624326bf7fa03db43c0e8b~mv2.jpg
NE OBLIVISCARIS,,https://www.facebook.com/NeObliviscarisBand/,https://www.instagram.com/neobliviscarisofficial,https://twitter.com/neobliviscaris3,,,,https://static.wixstatic.com/media/a64678_c34b3fecba204cde937729ea2550578d~mv2.jpg
NO LOVE FOR THE MIDDLE CHILD,,https://www.facebook.com/NoLoveForTheMiddleChild/,https://www.instagram.com/nolove/,http://www.twitter.com/noloveforthe,https://open.spotify.com/artist/7HWfshpjlGldmRa4gymvjX?si=62fU8jChQnGUNunEd5mRfQ,,,https://static.wixstatic.com/media/60af62_a147d42044df48b7b1460c7992737641~mv2.png
NOT ENOUGH SPACE,,https://www.facebook.com/NotEnoughSpaceFL/,https://www.instagram.com/notenoughspacefl,https://twitter.com/NES_band_,,,https://www.tiktok.com/@notenoughspacefl,https://static.wixstatic.com/media/60af62_6d0f886335224a9fbc65bbf280c6f7ec~mv2.png
NOAH VONNE,https://www.noahvonne.com/,,https://www.instagram.com/noahvonne,,,,,https://static.wixstatic.com/media/a64678_b30609150296496bb762a73ee090a942~mv2.jpg
NOT A TOY,https://notatoyofficial.com/,https://www.facebook.com/notatoyofficial/,https://www.instagram.com/notatoy/,https://twitter.com/NOTATOY,https://open.spotify.com/artist/7uiWgFc6g98QsoDKotM3T4?si=tHzjaJw1SiqMtK8scxugng,,,https://static.wixstatic.com/media/60af62_0208439fc5ac435da6237af927a68392~mv2.png
ONE MORE TIME,,https://www.facebook.com/onemoretimeofficial/,https://www.instagram.com/onemoretimeofficial/,,,,,https://static.wixstatic.com/media/a64678_101acabb863e4eaebb7e02264cfe02cf~mv2.jpg
POINT NORTH,https://www.pointnorthband.com/,https://www.facebook.com/pointnorthband/,https://www.instagram.com/pointnorthband/,https://twitter.com/pointnorthband,https://open.spotify.com/artist/5Vp7LqcfAtx2U1RfIX8i7r?si=UuOBnMTtRw6wzySf7t3ksw,,,https://static.wixstatic.com/media/60af62_11069c76211f4ff392fc5fcbefcd78d0~mv2.png
PARTICLE KID,,https://www.facebook.com/particlekid3/,https://www.instagram.com/particlekid,https://twitter.com/jacmnelson3,,,,https://static.wixstatic.com/media/60af62_be30e7d2174741bab047b46952f55568~mv2.png
PRAYERS,https://www.chologoth.com/,https://www.facebook.com/PRAYERS/,https://www.instagram.com/prayers/,https://twitter.com/thebeatbuds,https://open.spotify.com/artist/7a0G4CC3dZdKAAzVRnaRGu,https://www.youtube.com/channel/UCy3YSm8MkdtLeQEajL0C9NA,,https://static.wixstatic.com/media/a64678_2b182ecbb5a04902814459d2e8d137d8~mv2.jpg
PRIVATE ISLAND,,https://www.facebook.com/PVTILND/,https://www.instagram.com/pvtilnd/?hl=en,https://twitter.com/PVTILND,,https://www.youtube.com/c/PrivateIsland,,https://static.wixstatic.com/media/60af62_d703b0b4a8784755a948518f016fc383~mv2.png
RICKIE LEE JONES,,https://www.facebook.com/RickieLeeJones/,https://www.instagram.com/rickieleejones,https://twitter.com/RickieLeeJones,,,,https://static.wixstatic.com/media/9975c6_f3a169ac073547cda139b465fcde1df5~mv2.jpg
ROYAL CODA,,https://www.facebook.com/RoyalCodaOfficial,https://www.instagram.com/royal.coda/?hl=en,https://twitter.com/RoyalCoda?ref_src=twsrc%5Egoogle%7Ctwcamp%5Eserp%7Ctwgr%5Eauthor,,,,https://static.wixstatic.com/media/a64678_283af09e47d94af3a54bbe7156cdd766~mv2.jpg
SANTA FE KLAN,,https://www.facebook.com/santafeklanoficial/,https://www.instagram.com/santa_fe_klan_473/?hl=en,,,,,https://static.wixstatic.com/media/60af62_03a07638614f4358b0a8de9681d2357f~mv2.png
SCARY KIDS SCARING KIDS,https://www.scarykidsofficial.com/,,,,,,,https://static.wixstatic.com/media/a64678_2eb88ec93a3d4a66a1f327263df657fb~mv2.jpg
SHAWN JAMES,https://www.shawnjamesmusic.com/,,https://www.instagram.com/shawnjamesmusic,https://twitter.com/ShawnJamesMusic,,,,https://static.wixstatic.com/media/a64678_02f491b7fe6f4d9abcc11a16b566baee~mv2.jpg
SLAY SQUAD,https://www.slay111.com/,,https://www.instagram.com/slaysquad/,https://twitter.com/slaysquad111,https://open.spotify.com/artist/1Zi4Bswn8gDAoyFwEkQFqE?si=R4T6GhT4QnKZsPdVk9u3cQ,,,https://static.wixstatic.com/media/60af62_0b7a071eef104bfe98264a8b92247b5b~mv2.png
SLIFT,,https://www.facebook.com/sliftrock,https://www.instagram.com/sliftrock,,,,,https://static.wixstatic.com/media/a64678_338fd09664fb40feb7ae1f9424cac5a9~mv2.jpg
SONREAL,https://sonreal.com/,https://www.facebook.com/therealsonreal,https://www.instagram.com/sonreal/,https://twitter.com/TheRealSonReal,,https://www.youtube.com/@TheRealSonReal,,https://static.wixstatic.com/media/60af62_38c237bc21774064a50e15b091b8f298~mv2.png
STARSHIP,https://www.starshipcontrol.com/,https://www.facebook.com/starshipftmickeythomas/,https://www.instagram.com/starship_control,,,,,https://static.wixstatic.com/media/60af62_e999ee0408e646fb8b8bfdf0b496e62f~mv2.png
SUNNY WAR,https://www.sunnywar.com/,https://www.facebook.com/sunnywarmusic/,https://www.instagram.com/sunnywarmusic/,https://twitter.com/SunnyWar,,,,https://static.wixstatic.com/media/60af62_920cd3048b6b490a91fb8f2a2c5dc1c0~mv2.png
TEN56,,https://www.facebook.com/ten56hq,https://www.instagram.com/ten56hq,https://twitter.com/ten56hq,,,,https://static.wixstatic.com/media/a64678_e9f29734219f40398e1860026a9f89a1~mv2.jpg
THXSOMUCH,https://www.thxsomch.com/,,https://www.instagram.com/thxsomch/,http://www.twitter.com/thxsomch,https://open.spotify.com/artist/4MvZhE1iuzttcoyepkpfdF?si=Aih50hINRfabPs7BBja-pg,,,https://static.wixstatic.com/media/60af62_e9fbaaf126894963bec88f1225982dc5~mv2.png
TILIAN,,,https://www.instagram.com/tilianpearson/?hl=en,,,,,https://static.wixstatic.com/media/60af62_45525700985c4286b718b3002ce1de9f~mv2.png
TORNILLO,,https://www.facebook.com/tornilloficial,https://www.instagram.com/tornillovazquez_/?hl=en,,,,,https://static.wixstatic.com/media/a64678_e22661b12c0b4474bad7c831bb9ef454~mv2.jpg
TRAITORS,https://www.traitorsband.com/,https://www.facebook.com/Traitorsfl/,https://www.instagram.com/traitorsband/?hl=en,,,,,https://static.wixstatic.com/media/60af62_318a1c576e064d23af4f56a224badd31~mv2.png
UNCURED,,https://www.facebook.com/uncuredband/,https://www.instagram.com/uncuredband,https://twitter.com/uncuredband,,,,https://static.wixstatic.com/media/a64678_ebc810edcc0a41d08ac2decbc1a53367~mv2.jpg
VOWWS,https://vowwsband.com/,https://www.facebook.com/vowwsband/,,,,,,https://static.wixstatic.com/media/a64678_babe8f4c94f044419885424fa241da74~mv2.jpg
WANNABE,,https://www.facebook.com/WannabeSGT,http://instagram.com/wannabesgt,,,,,https://static.wixstatic.com/media/a64678_194f3e3db7914a62b7b0f32747ca7bf2~mv2.jpg
"WOE, IS ME",,https://www.facebook.com/wimatl/,https://www.instagram.com/woeisme/,,,https://www.youtube.com/@WIMATL,,https://static.wixstatic.com/media/60af62_12c3397c8bef4fc181cb166ad9a9a761~mv2.png
WOLF & BEAR,https://wolfandbear.bigcartel.com/,https://www.facebook.com/wolfandbearband/,https://www.instagram.com/wolfandbearband/?hl=en,,,,,https://static.wixstatic.com/media/60af62_f06f95b024804566b2cb6c4c4b80574a~mv2.png
YE,,,,,,,,https://static.wixstatic.com/media/a64678_0b8c1aaf39344d809cb130ffa620e276~mv2.png
ZHEANI,http://www.zheani.com/,https://www.facebook.com/zheanisparkes,https://www.instagram.com/zheani/,https://twitter.com/askulloffoxes,https://open.spotify.com/artist/75xNYf2GU5wtQqBrd74SlY?si=FFZIbYgvQPO1F9cbAxGN_A,https://www.youtube.com/@zheani/channels,https://www.tiktok.com/@zheani,https://static.wixstatic.com/media/60af62_69422d3db3514df7ad2e66e5c0705466~mv2.png
